1,/archive/images/images/Albrecht_Dürer/Albrecht_Dürer_102.jpg
1,/archive/images/images/Albrecht_Dürer/Albrecht_Dürer_107.jpg
1,/archive/images/images/Albrecht_Dürer/Albrecht_Dürer_108.jpg
1,/archive/images/images/Albrecht_Dürer/Albrecht_Dürer_110.jpg
1,/archive/images/images/Albrecht_Dürer/Albrecht_Dürer_116.jpg
1,/archive/images/images/Albrecht_Dürer/Albrecht_Dürer_119.jpg
1,/archive/images/images/Albrecht_Dürer/Albrecht_Dürer_12.jpg
1,/archive/images/images/Albrecht_Dürer/Albrecht_Dürer_121.jpg
1,/archive/images/images/Albrecht_Dürer/Albrecht_Dürer_122.jpg
1,/archive/images/images/Albrecht_Dürer/Albrecht_Dürer_123.jpg
1,/archive/images/images/Albrecht_Dürer/Albrecht_Dürer_127.jpg
1,/archive/images/images/Albrecht_Dürer/Albrecht_Dürer_13.jpg
1,/archive/images/images/Albrecht_Dürer/Albrecht_Dürer_131.jpg
1,/archive/images/images/Albrecht_Dürer/Albrecht_Dürer_132.jpg
1,/archive/images/images/Albrecht_Dürer/Albrecht_Dürer_135.jpg
1,/archive/images/images/Albrecht_Dürer/Albrecht_Dürer_143.jpg
1,/archive/images/images/Albrecht_Dürer/Albrecht_Dürer_150.jpg
1,/archive/images/images/Albrecht_Dürer/Albrecht_Dürer_151.jpg
1,/archive/images/images/Albrecht_Dürer/Albrecht_Dürer_153.jpg
1,/archive/images/images/Albrecht_Dürer/Albrecht_Dürer_154.jpg
1,/archive/images/images/Albrecht_Dürer/Albrecht_Dürer_162.jpg
1,/archive/images/images/Albrecht_Dürer/Albrecht_Dürer_164.jpg
1,/archive/images/images/Albrecht_Dürer/Albrecht_Dürer_165.jpg
1,/archive/images/images/Albrecht_Dürer/Albrecht_Dürer_166.jpg
1,/archive/images/images/Albrecht_Dürer/Albrecht_Dürer_172.jpg
1,/archive/images/images/Albrecht_Dürer/Albrecht_Dürer_173.jpg
1,/archive/images/images/Albrecht_Dürer/Albrecht_Dürer_174.jpg
1,/archive/images/images/Albrecht_Dürer/Albrecht_Dürer_176.jpg
1,/archive/images/images/Albrecht_Dürer/Albrecht_Dürer_177.jpg
1,/archive/images/images/Albrecht_Dürer/Albrecht_Dürer_178.jpg
1,/archive/images/images/Albrecht_Dürer/Albrecht_Dürer_179.jpg
1,/archive/images/images/Albrecht_Dürer/Albrecht_Dürer_185.jpg
1,/archive/images/images/Albrecht_Dürer/Albrecht_Dürer_187.jpg
1,/archive/images/images/Albrecht_Dürer/Albrecht_Dürer_190.jpg
1,/archive/images/images/Albrecht_Dürer/Albrecht_Dürer_202.jpg
1,/archive/images/images/Albrecht_Dürer/Albrecht_Dürer_204.jpg
1,/archive/images/images/Albrecht_Dürer/Albrecht_Dürer_206.jpg
1,/archive/images/images/Albrecht_Dürer/Albrecht_Dürer_208.jpg
1,/archive/images/images/Albrecht_Dürer/Albrecht_Dürer_211.jpg
1,/archive/images/images/Albrecht_Dürer/Albrecht_Dürer_215.jpg
1,/archive/images/images/Albrecht_Dürer/Albrecht_Dürer_22.jpg
1,/archive/images/images/Albrecht_Dürer/Albrecht_Dürer_231.jpg
1,/archive/images/images/Albrecht_Dürer/Albrecht_Dürer_241.jpg
1,/archive/images/images/Albrecht_Dürer/Albrecht_Dürer_242.jpg
1,/archive/images/images/Albrecht_Dürer/Albrecht_Dürer_248.jpg
1,/archive/images/images/Albrecht_Dürer/Albrecht_Dürer_251.jpg
1,/archive/images/images/Albrecht_Dürer/Albrecht_Dürer_254.jpg
1,/archive/images/images/Albrecht_Dürer/Albrecht_Dürer_257.jpg
1,/archive/images/images/Albrecht_Dürer/Albrecht_Dürer_279.jpg
1,/archive/images/images/Albrecht_Dürer/Albrecht_Dürer_287.jpg
1,/archive/images/images/Albrecht_Dürer/Albrecht_Dürer_288.jpg
1,/archive/images/images/Albrecht_Dürer/Albrecht_Dürer_291.jpg
1,/archive/images/images/Albrecht_Dürer/Albrecht_Dürer_296.jpg
1,/archive/images/images/Albrecht_Dürer/Albrecht_Dürer_298.jpg
1,/archive/images/images/Albrecht_Dürer/Albrecht_Dürer_299.jpg
1,/archive/images/images/Albrecht_Dürer/Albrecht_Dürer_3.jpg
1,/archive/images/images/Albrecht_Dürer/Albrecht_Dürer_302.jpg
1,/archive/images/images/Albrecht_Dürer/Albrecht_Dürer_303.jpg
1,/archive/images/images/Albrecht_Dürer/Albrecht_Dürer_306.jpg
1,/archive/images/images/Albrecht_Dürer/Albrecht_Dürer_31.jpg
1,/archive/images/images/Albrecht_Dürer/Albrecht_Dürer_323.jpg
1,/archive/images/images/Albrecht_Dürer/Albrecht_Dürer_48.jpg
1,/archive/images/images/Albrecht_Dürer/Albrecht_Dürer_49.jpg
1,/archive/images/images/Albrecht_Dürer/Albrecht_Dürer_50.jpg
1,/archive/images/images/Albrecht_Dürer/Albrecht_Dürer_54.jpg
1,/archive/images/images/Albrecht_Dürer/Albrecht_Dürer_69.jpg
1,/archive/images/images/Albrecht_Dürer/Albrecht_Dürer_75.jpg
1,/archive/images/images/Albrecht_Dürer/Albrecht_Dürer_76.jpg
1,/archive/images/images/Albrecht_Dürer/Albrecht_Dürer_83.jpg
1,/archive/images/images/Albrecht_Dürer/Albrecht_Dürer_86.jpg
1,/archive/images/images/Albrecht_Dürer/Albrecht_Dürer_90.jpg
1,/archive/images/images/Albrecht_Dürer/Albrecht_Dürer_96.jpg
1,/archive/images/images/Albrecht_Dürer/Albrecht_Dürer_98.jpg
1,/archive/images/images/Albrecht_Dürer/Albrecht_Dürer_99.jpg
1,/archive/images/images/Albrecht_Du╠êrer/Albrecht_Du╠êrer_107.jpg
1,/archive/images/images/Albrecht_Du╠êrer/Albrecht_Du╠êrer_108.jpg
1,/archive/images/images/Albrecht_Du╠êrer/Albrecht_Du╠êrer_11.jpg
1,/archive/images/images/Albrecht_Du╠êrer/Albrecht_Du╠êrer_110.jpg
1,/archive/images/images/Albrecht_Du╠êrer/Albrecht_Du╠êrer_111.jpg
1,/archive/images/images/Albrecht_Du╠êrer/Albrecht_Du╠êrer_119.jpg
1,/archive/images/images/Albrecht_Du╠êrer/Albrecht_Du╠êrer_121.jpg
1,/archive/images/images/Albrecht_Du╠êrer/Albrecht_Du╠êrer_13.jpg
1,/archive/images/images/Albrecht_Du╠êrer/Albrecht_Du╠êrer_132.jpg
1,/archive/images/images/Albrecht_Du╠êrer/Albrecht_Du╠êrer_135.jpg
1,/archive/images/images/Albrecht_Du╠êrer/Albrecht_Du╠êrer_143.jpg
1,/archive/images/images/Albrecht_Du╠êrer/Albrecht_Du╠êrer_150.jpg
1,/archive/images/images/Albrecht_Du╠êrer/Albrecht_Du╠êrer_151.jpg
1,/archive/images/images/Albrecht_Du╠êrer/Albrecht_Du╠êrer_153.jpg
1,/archive/images/images/Albrecht_Du╠êrer/Albrecht_Du╠êrer_162.jpg
1,/archive/images/images/Albrecht_Du╠êrer/Albrecht_Du╠êrer_164.jpg
1,/archive/images/images/Albrecht_Du╠êrer/Albrecht_Du╠êrer_165.jpg
1,/archive/images/images/Albrecht_Du╠êrer/Albrecht_Du╠êrer_166.jpg
1,/archive/images/images/Albrecht_Du╠êrer/Albrecht_Du╠êrer_172.jpg
1,/archive/images/images/Albrecht_Du╠êrer/Albrecht_Du╠êrer_174.jpg
1,/archive/images/images/Albrecht_Du╠êrer/Albrecht_Du╠êrer_176.jpg
1,/archive/images/images/Albrecht_Du╠êrer/Albrecht_Du╠êrer_177.jpg
1,/archive/images/images/Albrecht_Du╠êrer/Albrecht_Du╠êrer_178.jpg
1,/archive/images/images/Albrecht_Du╠êrer/Albrecht_Du╠êrer_179.jpg
1,/archive/images/images/Albrecht_Du╠êrer/Albrecht_Du╠êrer_187.jpg
1,/archive/images/images/Albrecht_Du╠êrer/Albrecht_Du╠êrer_190.jpg
1,/archive/images/images/Albrecht_Du╠êrer/Albrecht_Du╠êrer_2.jpg
1,/archive/images/images/Albrecht_Du╠êrer/Albrecht_Du╠êrer_202.jpg
1,/archive/images/images/Albrecht_Du╠êrer/Albrecht_Du╠êrer_204.jpg
1,/archive/images/images/Albrecht_Du╠êrer/Albrecht_Du╠êrer_206.jpg
1,/archive/images/images/Albrecht_Du╠êrer/Albrecht_Du╠êrer_211.jpg
1,/archive/images/images/Albrecht_Du╠êrer/Albrecht_Du╠êrer_215.jpg
1,/archive/images/images/Albrecht_Du╠êrer/Albrecht_Du╠êrer_22.jpg
1,/archive/images/images/Albrecht_Du╠êrer/Albrecht_Du╠êrer_225.jpg
1,/archive/images/images/Albrecht_Du╠êrer/Albrecht_Du╠êrer_229.jpg
1,/archive/images/images/Albrecht_Du╠êrer/Albrecht_Du╠êrer_231.jpg
1,/archive/images/images/Albrecht_Du╠êrer/Albrecht_Du╠êrer_233.jpg
1,/archive/images/images/Albrecht_Du╠êrer/Albrecht_Du╠êrer_238.jpg
1,/archive/images/images/Albrecht_Du╠êrer/Albrecht_Du╠êrer_241.jpg
1,/archive/images/images/Albrecht_Du╠êrer/Albrecht_Du╠êrer_242.jpg
1,/archive/images/images/Albrecht_Du╠êrer/Albrecht_Du╠êrer_248.jpg
1,/archive/images/images/Albrecht_Du╠êrer/Albrecht_Du╠êrer_251.jpg
1,/archive/images/images/Albrecht_Du╠êrer/Albrecht_Du╠êrer_257.jpg
1,/archive/images/images/Albrecht_Du╠êrer/Albrecht_Du╠êrer_263.jpg
1,/archive/images/images/Albrecht_Du╠êrer/Albrecht_Du╠êrer_271.jpg
1,/archive/images/images/Albrecht_Du╠êrer/Albrecht_Du╠êrer_279.jpg
1,/archive/images/images/Albrecht_Du╠êrer/Albrecht_Du╠êrer_285.jpg
1,/archive/images/images/Albrecht_Du╠êrer/Albrecht_Du╠êrer_287.jpg
1,/archive/images/images/Albrecht_Du╠êrer/Albrecht_Du╠êrer_291.jpg
1,/archive/images/images/Albrecht_Du╠êrer/Albrecht_Du╠êrer_296.jpg
1,/archive/images/images/Albrecht_Du╠êrer/Albrecht_Du╠êrer_298.jpg
1,/archive/images/images/Albrecht_Du╠êrer/Albrecht_Du╠êrer_3.jpg
1,/archive/images/images/Albrecht_Du╠êrer/Albrecht_Du╠êrer_303.jpg
1,/archive/images/images/Albrecht_Du╠êrer/Albrecht_Du╠êrer_304.jpg
1,/archive/images/images/Albrecht_Du╠êrer/Albrecht_Du╠êrer_306.jpg
1,/archive/images/images/Albrecht_Du╠êrer/Albrecht_Du╠êrer_31.jpg
1,/archive/images/images/Albrecht_Du╠êrer/Albrecht_Du╠êrer_310.jpg
1,/archive/images/images/Albrecht_Du╠êrer/Albrecht_Du╠êrer_323.jpg
1,/archive/images/images/Albrecht_Du╠êrer/Albrecht_Du╠êrer_326.jpg
1,/archive/images/images/Albrecht_Du╠êrer/Albrecht_Du╠êrer_328.jpg
1,/archive/images/images/Albrecht_Du╠êrer/Albrecht_Du╠êrer_46.jpg
1,/archive/images/images/Albrecht_Du╠êrer/Albrecht_Du╠êrer_48.jpg
1,/archive/images/images/Albrecht_Du╠êrer/Albrecht_Du╠êrer_49.jpg
1,/archive/images/images/Albrecht_Du╠êrer/Albrecht_Du╠êrer_5.jpg
1,/archive/images/images/Albrecht_Du╠êrer/Albrecht_Du╠êrer_50.jpg
1,/archive/images/images/Albrecht_Du╠êrer/Albrecht_Du╠êrer_51.jpg
1,/archive/images/images/Albrecht_Du╠êrer/Albrecht_Du╠êrer_54.jpg
1,/archive/images/images/Albrecht_Du╠êrer/Albrecht_Du╠êrer_68.jpg
1,/archive/images/images/Albrecht_Du╠êrer/Albrecht_Du╠êrer_69.jpg
1,/archive/images/images/Albrecht_Du╠êrer/Albrecht_Du╠êrer_7.jpg
1,/archive/images/images/Albrecht_Du╠êrer/Albrecht_Du╠êrer_74.jpg
1,/archive/images/images/Albrecht_Du╠êrer/Albrecht_Du╠êrer_75.jpg
1,/archive/images/images/Albrecht_Du╠êrer/Albrecht_Du╠êrer_76.jpg
1,/archive/images/images/Albrecht_Du╠êrer/Albrecht_Du╠êrer_86.jpg
1,/archive/images/images/Albrecht_Du╠êrer/Albrecht_Du╠êrer_87.jpg
1,/archive/images/images/Albrecht_Du╠êrer/Albrecht_Du╠êrer_96.jpg
1,/archive/images/images/Albrecht_Du╠êrer/Albrecht_Du╠êrer_98.jpg
1,/archive/images/images/Alfred_Sisley/Alfred_Sisley_1.jpg
1,/archive/images/images/Alfred_Sisley/Alfred_Sisley_10.jpg
1,/archive/images/images/Alfred_Sisley/Alfred_Sisley_100.jpg
1,/archive/images/images/Alfred_Sisley/Alfred_Sisley_101.jpg
1,/archive/images/images/Alfred_Sisley/Alfred_Sisley_102.jpg
1,/archive/images/images/Alfred_Sisley/Alfred_Sisley_103.jpg
1,/archive/images/images/Alfred_Sisley/Alfred_Sisley_104.jpg
1,/archive/images/images/Alfred_Sisley/Alfred_Sisley_105.jpg
1,/archive/images/images/Alfred_Sisley/Alfred_Sisley_106.jpg
1,/archive/images/images/Alfred_Sisley/Alfred_Sisley_108.jpg
1,/archive/images/images/Alfred_Sisley/Alfred_Sisley_109.jpg
1,/archive/images/images/Alfred_Sisley/Alfred_Sisley_11.jpg
1,/archive/images/images/Alfred_Sisley/Alfred_Sisley_111.jpg
1,/archive/images/images/Alfred_Sisley/Alfred_Sisley_112.jpg
1,/archive/images/images/Alfred_Sisley/Alfred_Sisley_113.jpg
1,/archive/images/images/Alfred_Sisley/Alfred_Sisley_114.jpg
1,/archive/images/images/Alfred_Sisley/Alfred_Sisley_115.jpg
1,/archive/images/images/Alfred_Sisley/Alfred_Sisley_116.jpg
1,/archive/images/images/Alfred_Sisley/Alfred_Sisley_118.jpg
1,/archive/images/images/Alfred_Sisley/Alfred_Sisley_119.jpg
1,/archive/images/images/Alfred_Sisley/Alfred_Sisley_12.jpg
1,/archive/images/images/Alfred_Sisley/Alfred_Sisley_120.jpg
1,/archive/images/images/Alfred_Sisley/Alfred_Sisley_122.jpg
1,/archive/images/images/Alfred_Sisley/Alfred_Sisley_123.jpg
1,/archive/images/images/Alfred_Sisley/Alfred_Sisley_124.jpg
1,/archive/images/images/Alfred_Sisley/Alfred_Sisley_125.jpg
1,/archive/images/images/Alfred_Sisley/Alfred_Sisley_126.jpg
1,/archive/images/images/Alfred_Sisley/Alfred_Sisley_127.jpg
1,/archive/images/images/Alfred_Sisley/Alfred_Sisley_128.jpg
1,/archive/images/images/Alfred_Sisley/Alfred_Sisley_129.jpg
1,/archive/images/images/Alfred_Sisley/Alfred_Sisley_13.jpg
1,/archive/images/images/Alfred_Sisley/Alfred_Sisley_130.jpg
1,/archive/images/images/Alfred_Sisley/Alfred_Sisley_131.jpg
1,/archive/images/images/Alfred_Sisley/Alfred_Sisley_132.jpg
1,/archive/images/images/Alfred_Sisley/Alfred_Sisley_133.jpg
1,/archive/images/images/Alfred_Sisley/Alfred_Sisley_134.jpg
1,/archive/images/images/Alfred_Sisley/Alfred_Sisley_136.jpg
1,/archive/images/images/Alfred_Sisley/Alfred_Sisley_138.jpg
1,/archive/images/images/Alfred_Sisley/Alfred_Sisley_139.jpg
1,/archive/images/images/Alfred_Sisley/Alfred_Sisley_14.jpg
1,/archive/images/images/Alfred_Sisley/Alfred_Sisley_141.jpg
1,/archive/images/images/Alfred_Sisley/Alfred_Sisley_142.jpg
1,/archive/images/images/Alfred_Sisley/Alfred_Sisley_145.jpg
1,/archive/images/images/Alfred_Sisley/Alfred_Sisley_147.jpg
1,/archive/images/images/Alfred_Sisley/Alfred_Sisley_148.jpg
1,/archive/images/images/Alfred_Sisley/Alfred_Sisley_149.jpg
1,/archive/images/images/Alfred_Sisley/Alfred_Sisley_15.jpg
1,/archive/images/images/Alfred_Sisley/Alfred_Sisley_150.jpg
1,/archive/images/images/Alfred_Sisley/Alfred_Sisley_152.jpg
1,/archive/images/images/Alfred_Sisley/Alfred_Sisley_153.jpg
1,/archive/images/images/Alfred_Sisley/Alfred_Sisley_157.jpg
1,/archive/images/images/Alfred_Sisley/Alfred_Sisley_158.jpg
1,/archive/images/images/Alfred_Sisley/Alfred_Sisley_16.jpg
1,/archive/images/images/Alfred_Sisley/Alfred_Sisley_160.jpg
1,/archive/images/images/Alfred_Sisley/Alfred_Sisley_161.jpg
1,/archive/images/images/Alfred_Sisley/Alfred_Sisley_163.jpg
1,/archive/images/images/Alfred_Sisley/Alfred_Sisley_164.jpg
1,/archive/images/images/Alfred_Sisley/Alfred_Sisley_167.jpg
1,/archive/images/images/Alfred_Sisley/Alfred_Sisley_170.jpg
1,/archive/images/images/Alfred_Sisley/Alfred_Sisley_171.jpg
1,/archive/images/images/Alfred_Sisley/Alfred_Sisley_172.jpg
1,/archive/images/images/Alfred_Sisley/Alfred_Sisley_173.jpg
1,/archive/images/images/Alfred_Sisley/Alfred_Sisley_174.jpg
1,/archive/images/images/Alfred_Sisley/Alfred_Sisley_175.jpg
1,/archive/images/images/Alfred_Sisley/Alfred_Sisley_179.jpg
1,/archive/images/images/Alfred_Sisley/Alfred_Sisley_181.jpg
1,/archive/images/images/Alfred_Sisley/Alfred_Sisley_182.jpg
1,/archive/images/images/Alfred_Sisley/Alfred_Sisley_184.jpg
1,/archive/images/images/Alfred_Sisley/Alfred_Sisley_186.jpg
1,/archive/images/images/Alfred_Sisley/Alfred_Sisley_187.jpg
1,/archive/images/images/Alfred_Sisley/Alfred_Sisley_189.jpg
1,/archive/images/images/Alfred_Sisley/Alfred_Sisley_19.jpg
1,/archive/images/images/Alfred_Sisley/Alfred_Sisley_193.jpg
1,/archive/images/images/Alfred_Sisley/Alfred_Sisley_194.jpg
1,/archive/images/images/Alfred_Sisley/Alfred_Sisley_2.jpg
1,/archive/images/images/Alfred_Sisley/Alfred_Sisley_20.jpg
1,/archive/images/images/Alfred_Sisley/Alfred_Sisley_200.jpg
1,/archive/images/images/Alfred_Sisley/Alfred_Sisley_201.jpg
1,/archive/images/images/Alfred_Sisley/Alfred_Sisley_202.jpg
1,/archive/images/images/Alfred_Sisley/Alfred_Sisley_204.jpg
1,/archive/images/images/Alfred_Sisley/Alfred_Sisley_205.jpg
1,/archive/images/images/Alfred_Sisley/Alfred_Sisley_206.jpg
1,/archive/images/images/Alfred_Sisley/Alfred_Sisley_208.jpg
1,/archive/images/images/Alfred_Sisley/Alfred_Sisley_21.jpg
1,/archive/images/images/Alfred_Sisley/Alfred_Sisley_210.jpg
1,/archive/images/images/Alfred_Sisley/Alfred_Sisley_213.jpg
1,/archive/images/images/Alfred_Sisley/Alfred_Sisley_214.jpg
1,/archive/images/images/Alfred_Sisley/Alfred_Sisley_215.jpg
1,/archive/images/images/Alfred_Sisley/Alfred_Sisley_216.jpg
1,/archive/images/images/Alfred_Sisley/Alfred_Sisley_219.jpg
1,/archive/images/images/Alfred_Sisley/Alfred_Sisley_22.jpg
1,/archive/images/images/Alfred_Sisley/Alfred_Sisley_221.jpg
1,/archive/images/images/Alfred_Sisley/Alfred_Sisley_223.jpg
1,/archive/images/images/Alfred_Sisley/Alfred_Sisley_224.jpg
1,/archive/images/images/Alfred_Sisley/Alfred_Sisley_225.jpg
1,/archive/images/images/Alfred_Sisley/Alfred_Sisley_226.jpg
1,/archive/images/images/Alfred_Sisley/Alfred_Sisley_228.jpg
1,/archive/images/images/Alfred_Sisley/Alfred_Sisley_23.jpg
1,/archive/images/images/Alfred_Sisley/Alfred_Sisley_233.jpg
1,/archive/images/images/Alfred_Sisley/Alfred_Sisley_235.jpg
1,/archive/images/images/Alfred_Sisley/Alfred_Sisley_236.jpg
1,/archive/images/images/Alfred_Sisley/Alfred_Sisley_239.jpg
1,/archive/images/images/Alfred_Sisley/Alfred_Sisley_248.jpg
1,/archive/images/images/Alfred_Sisley/Alfred_Sisley_251.jpg
1,/archive/images/images/Alfred_Sisley/Alfred_Sisley_252.jpg
1,/archive/images/images/Alfred_Sisley/Alfred_Sisley_30.jpg
1,/archive/images/images/Alfred_Sisley/Alfred_Sisley_33.jpg
1,/archive/images/images/Alfred_Sisley/Alfred_Sisley_34.jpg
1,/archive/images/images/Alfred_Sisley/Alfred_Sisley_35.jpg
1,/archive/images/images/Alfred_Sisley/Alfred_Sisley_38.jpg
1,/archive/images/images/Alfred_Sisley/Alfred_Sisley_39.jpg
1,/archive/images/images/Alfred_Sisley/Alfred_Sisley_45.jpg
1,/archive/images/images/Alfred_Sisley/Alfred_Sisley_47.jpg
1,/archive/images/images/Alfred_Sisley/Alfred_Sisley_57.jpg
1,/archive/images/images/Alfred_Sisley/Alfred_Sisley_58.jpg
1,/archive/images/images/Alfred_Sisley/Alfred_Sisley_59.jpg
1,/archive/images/images/Alfred_Sisley/Alfred_Sisley_62.jpg
1,/archive/images/images/Alfred_Sisley/Alfred_Sisley_63.jpg
1,/archive/images/images/Alfred_Sisley/Alfred_Sisley_65.jpg
1,/archive/images/images/Alfred_Sisley/Alfred_Sisley_66.jpg
1,/archive/images/images/Alfred_Sisley/Alfred_Sisley_67.jpg
1,/archive/images/images/Alfred_Sisley/Alfred_Sisley_69.jpg
1,/archive/images/images/Alfred_Sisley/Alfred_Sisley_75.jpg
1,/archive/images/images/Alfred_Sisley/Alfred_Sisley_76.jpg
1,/archive/images/images/Alfred_Sisley/Alfred_Sisley_78.jpg
1,/archive/images/images/Alfred_Sisley/Alfred_Sisley_86.jpg
1,/archive/images/images/Alfred_Sisley/Alfred_Sisley_90.jpg
1,/archive/images/images/Alfred_Sisley/Alfred_Sisley_94.jpg
1,/archive/images/images/Alfred_Sisley/Alfred_Sisley_96.jpg
1,/archive/images/images/Andrei_Rublev/Andrei_Rublev_37.jpg
1,/archive/images/images/Andrei_Rublev/Andrei_Rublev_77.jpg
1,/archive/images/images/Andy_Warhol/Andy_Warhol_101.jpg
1,/archive/images/images/Andy_Warhol/Andy_Warhol_102.jpg
1,/archive/images/images/Andy_Warhol/Andy_Warhol_103.jpg
1,/archive/images/images/Andy_Warhol/Andy_Warhol_104.jpg
1,/archive/images/images/Andy_Warhol/Andy_Warhol_105.jpg
1,/archive/images/images/Andy_Warhol/Andy_Warhol_108.jpg
1,/archive/images/images/Andy_Warhol/Andy_Warhol_11.jpg
1,/archive/images/images/Andy_Warhol/Andy_Warhol_110.jpg
1,/archive/images/images/Andy_Warhol/Andy_Warhol_117.jpg
1,/archive/images/images/Andy_Warhol/Andy_Warhol_123.jpg
1,/archive/images/images/Andy_Warhol/Andy_Warhol_142.jpg
1,/archive/images/images/Andy_Warhol/Andy_Warhol_170.jpg
1,/archive/images/images/Andy_Warhol/Andy_Warhol_171.jpg
1,/archive/images/images/Andy_Warhol/Andy_Warhol_172.jpg
1,/archive/images/images/Andy_Warhol/Andy_Warhol_173.jpg
1,/archive/images/images/Andy_Warhol/Andy_Warhol_174.jpg
1,/archive/images/images/Andy_Warhol/Andy_Warhol_175.jpg
1,/archive/images/images/Andy_Warhol/Andy_Warhol_176.jpg
1,/archive/images/images/Andy_Warhol/Andy_Warhol_22.jpg
1,/archive/images/images/Andy_Warhol/Andy_Warhol_79.jpg
1,/archive/images/images/Andy_Warhol/Andy_Warhol_80.jpg
1,/archive/images/images/Camille_Pissarro/Camille_Pissarro_1.jpg
1,/archive/images/images/Camille_Pissarro/Camille_Pissarro_12.jpg
1,/archive/images/images/Camille_Pissarro/Camille_Pissarro_13.jpg
1,/archive/images/images/Camille_Pissarro/Camille_Pissarro_14.jpg
1,/archive/images/images/Camille_Pissarro/Camille_Pissarro_15.jpg
1,/archive/images/images/Camille_Pissarro/Camille_Pissarro_16.jpg
1,/archive/images/images/Camille_Pissarro/Camille_Pissarro_17.jpg
1,/archive/images/images/Camille_Pissarro/Camille_Pissarro_18.jpg
1,/archive/images/images/Camille_Pissarro/Camille_Pissarro_19.jpg
1,/archive/images/images/Camille_Pissarro/Camille_Pissarro_20.jpg
1,/archive/images/images/Camille_Pissarro/Camille_Pissarro_24.jpg
1,/archive/images/images/Camille_Pissarro/Camille_Pissarro_27.jpg
1,/archive/images/images/Camille_Pissarro/Camille_Pissarro_31.jpg
1,/archive/images/images/Camille_Pissarro/Camille_Pissarro_32.jpg
1,/archive/images/images/Camille_Pissarro/Camille_Pissarro_33.jpg
1,/archive/images/images/Camille_Pissarro/Camille_Pissarro_35.jpg
1,/archive/images/images/Camille_Pissarro/Camille_Pissarro_37.jpg
1,/archive/images/images/Camille_Pissarro/Camille_Pissarro_38.jpg
1,/archive/images/images/Camille_Pissarro/Camille_Pissarro_39.jpg
1,/archive/images/images/Camille_Pissarro/Camille_Pissarro_46.jpg
1,/archive/images/images/Camille_Pissarro/Camille_Pissarro_47.jpg
1,/archive/images/images/Camille_Pissarro/Camille_Pissarro_48.jpg
1,/archive/images/images/Camille_Pissarro/Camille_Pissarro_61.jpg
1,/archive/images/images/Camille_Pissarro/Camille_Pissarro_66.jpg
1,/archive/images/images/Camille_Pissarro/Camille_Pissarro_70.jpg
1,/archive/images/images/Camille_Pissarro/Camille_Pissarro_72.jpg
1,/archive/images/images/Claude_Monet/Claude_Monet_12.jpg
1,/archive/images/images/Claude_Monet/Claude_Monet_18.jpg
1,/archive/images/images/Claude_Monet/Claude_Monet_21.jpg
1,/archive/images/images/Claude_Monet/Claude_Monet_22.jpg
1,/archive/images/images/Claude_Monet/Claude_Monet_23.jpg
1,/archive/images/images/Claude_Monet/Claude_Monet_30.jpg
1,/archive/images/images/Claude_Monet/Claude_Monet_32.jpg
1,/archive/images/images/Claude_Monet/Claude_Monet_41.jpg
1,/archive/images/images/Claude_Monet/Claude_Monet_42.jpg
1,/archive/images/images/Claude_Monet/Claude_Monet_44.jpg
1,/archive/images/images/Claude_Monet/Claude_Monet_53.jpg
1,/archive/images/images/Claude_Monet/Claude_Monet_54.jpg
1,/archive/images/images/Claude_Monet/Claude_Monet_55.jpg
1,/archive/images/images/Claude_Monet/Claude_Monet_68.jpg
1,/archive/images/images/Diego_Rivera/Diego_Rivera_43.jpg
1,/archive/images/images/Diego_Velazquez/Diego_Velazquez_126.jpg
1,/archive/images/images/Diego_Velazquez/Diego_Velazquez_35.jpg
1,/archive/images/images/Diego_Velazquez/Diego_Velazquez_93.jpg
1,/archive/images/images/Edgar_Degas/Edgar_Degas_125.jpg
1,/archive/images/images/Edgar_Degas/Edgar_Degas_126.jpg
1,/archive/images/images/Edgar_Degas/Edgar_Degas_191.jpg
1,/archive/images/images/Edgar_Degas/Edgar_Degas_281.jpg
1,/archive/images/images/Edgar_Degas/Edgar_Degas_305.jpg
1,/archive/images/images/Edgar_Degas/Edgar_Degas_326.jpg
1,/archive/images/images/Edgar_Degas/Edgar_Degas_400.jpg
1,/archive/images/images/Edgar_Degas/Edgar_Degas_434.jpg
1,/archive/images/images/Edgar_Degas/Edgar_Degas_447.jpg
1,/archive/images/images/Edgar_Degas/Edgar_Degas_459.jpg
1,/archive/images/images/Edgar_Degas/Edgar_Degas_508.jpg
1,/archive/images/images/Edgar_Degas/Edgar_Degas_64.jpg
1,/archive/images/images/Edgar_Degas/Edgar_Degas_645.jpg
1,/archive/images/images/Edgar_Degas/Edgar_Degas_646.jpg
1,/archive/images/images/Edgar_Degas/Edgar_Degas_659.jpg
1,/archive/images/images/Edgar_Degas/Edgar_Degas_662.jpg
1,/archive/images/images/Edgar_Degas/Edgar_Degas_676.jpg
1,/archive/images/images/Edgar_Degas/Edgar_Degas_677.jpg
1,/archive/images/images/Edgar_Degas/Edgar_Degas_682.jpg
1,/archive/images/images/Edgar_Degas/Edgar_Degas_701.jpg
1,/archive/images/images/Edgar_Degas/Edgar_Degas_87.jpg
1,/archive/images/images/Edouard_Manet/Edouard_Manet_10.jpg
1,/archive/images/images/Edouard_Manet/Edouard_Manet_16.jpg
1,/archive/images/images/Edouard_Manet/Edouard_Manet_25.jpg
1,/archive/images/images/Edouard_Manet/Edouard_Manet_43.jpg
1,/archive/images/images/Edouard_Manet/Edouard_Manet_6.jpg
1,/archive/images/images/Edouard_Manet/Edouard_Manet_62.jpg
1,/archive/images/images/Edouard_Manet/Edouard_Manet_7.jpg
1,/archive/images/images/Edouard_Manet/Edouard_Manet_8.jpg
1,/archive/images/images/Edouard_Manet/Edouard_Manet_80.jpg
1,/archive/images/images/Edouard_Manet/Edouard_Manet_85.jpg
1,/archive/images/images/Edouard_Manet/Edouard_Manet_90.jpg
1,/archive/images/images/Edvard_Munch/Edvard_Munch_22.jpg
1,/archive/images/images/Edvard_Munch/Edvard_Munch_67.jpg
1,/archive/images/images/El_Greco/El_Greco_61.jpg
1,/archive/images/images/Eugene_Delacroix/Eugene_Delacroix_16.jpg
1,/archive/images/images/Eugene_Delacroix/Eugene_Delacroix_17.jpg
1,/archive/images/images/Eugene_Delacroix/Eugene_Delacroix_18.jpg
1,/archive/images/images/Eugene_Delacroix/Eugene_Delacroix_30.jpg
1,/archive/images/images/Francisco_Goya/Francisco_Goya_104.jpg
1,/archive/images/images/Francisco_Goya/Francisco_Goya_105.jpg
1,/archive/images/images/Francisco_Goya/Francisco_Goya_119.jpg
1,/archive/images/images/Francisco_Goya/Francisco_Goya_121.jpg
1,/archive/images/images/Francisco_Goya/Francisco_Goya_125.jpg
1,/archive/images/images/Francisco_Goya/Francisco_Goya_137.jpg
1,/archive/images/images/Francisco_Goya/Francisco_Goya_200.jpg
1,/archive/images/images/Francisco_Goya/Francisco_Goya_206.jpg
1,/archive/images/images/Francisco_Goya/Francisco_Goya_252.jpg
1,/archive/images/images/Francisco_Goya/Francisco_Goya_62.jpg
1,/archive/images/images/Francisco_Goya/Francisco_Goya_71.jpg
1,/archive/images/images/Francisco_Goya/Francisco_Goya_83.jpg
1,/archive/images/images/Francisco_Goya/Francisco_Goya_87.jpg
1,/archive/images/images/Frida_Kahlo/Frida_Kahlo_57.jpg
1,/archive/images/images/Georges_Seurat/Georges_Seurat_11.jpg
1,/archive/images/images/Georges_Seurat/Georges_Seurat_17.jpg
1,/archive/images/images/Georges_Seurat/Georges_Seurat_2.jpg
1,/archive/images/images/Georges_Seurat/Georges_Seurat_30.jpg
1,/archive/images/images/Georges_Seurat/Georges_Seurat_31.jpg
1,/archive/images/images/Georges_Seurat/Georges_Seurat_32.jpg
1,/archive/images/images/Georges_Seurat/Georges_Seurat_33.jpg
1,/archive/images/images/Georges_Seurat/Georges_Seurat_36.jpg
1,/archive/images/images/Georges_Seurat/Georges_Seurat_9.jpg
1,/archive/images/images/Giotto_di_Bondone/Giotto_di_Bondone_1.jpg
1,/archive/images/images/Giotto_di_Bondone/Giotto_di_Bondone_82.jpg
1,/archive/images/images/Giotto_di_Bondone/Giotto_di_Bondone_83.jpg
1,/archive/images/images/Gustav_Klimt/Gustav_Klimt_100.jpg
1,/archive/images/images/Gustav_Klimt/Gustav_Klimt_101.jpg
1,/archive/images/images/Gustav_Klimt/Gustav_Klimt_105.jpg
1,/archive/images/images/Gustav_Klimt/Gustav_Klimt_109.jpg
1,/archive/images/images/Gustav_Klimt/Gustav_Klimt_117.jpg
1,/archive/images/images/Gustav_Klimt/Gustav_Klimt_2.jpg
1,/archive/images/images/Gustav_Klimt/Gustav_Klimt_32.jpg
1,/archive/images/images/Gustav_Klimt/Gustav_Klimt_60.jpg
1,/archive/images/images/Gustav_Klimt/Gustav_Klimt_83.jpg
1,/archive/images/images/Gustav_Klimt/Gustav_Klimt_95.jpg
1,/archive/images/images/Gustave_Courbet/Gustave_Courbet_1.jpg
1,/archive/images/images/Gustave_Courbet/Gustave_Courbet_14.jpg
1,/archive/images/images/Gustave_Courbet/Gustave_Courbet_17.jpg
1,/archive/images/images/Gustave_Courbet/Gustave_Courbet_2.jpg
1,/archive/images/images/Gustave_Courbet/Gustave_Courbet_24.jpg
1,/archive/images/images/Gustave_Courbet/Gustave_Courbet_30.jpg
1,/archive/images/images/Gustave_Courbet/Gustave_Courbet_46.jpg
1,/archive/images/images/Gustave_Courbet/Gustave_Courbet_51.jpg
1,/archive/images/images/Gustave_Courbet/Gustave_Courbet_54.jpg
1,/archive/images/images/Henri_Matisse/Henri_Matisse_145.jpg
1,/archive/images/images/Henri_Matisse/Henri_Matisse_150.jpg
1,/archive/images/images/Henri_Matisse/Henri_Matisse_162.jpg
1,/archive/images/images/Henri_Matisse/Henri_Matisse_163.jpg
1,/archive/images/images/Henri_Matisse/Henri_Matisse_83.jpg
1,/archive/images/images/Henri_Rousseau/Henri_Rousseau_15.jpg
1,/archive/images/images/Henri_Rousseau/Henri_Rousseau_42.jpg
1,/archive/images/images/Henri_de_Toulouse-Lautrec/Henri_de_Toulouse-Lautrec_12.jpg
1,/archive/images/images/Henri_de_Toulouse-Lautrec/Henri_de_Toulouse-Lautrec_16.jpg
1,/archive/images/images/Henri_de_Toulouse-Lautrec/Henri_de_Toulouse-Lautrec_25.jpg
1,/archive/images/images/Henri_de_Toulouse-Lautrec/Henri_de_Toulouse-Lautrec_27.jpg
1,/archive/images/images/Henri_de_Toulouse-Lautrec/Henri_de_Toulouse-Lautrec_28.jpg
1,/archive/images/images/Henri_de_Toulouse-Lautrec/Henri_de_Toulouse-Lautrec_4.jpg
1,/archive/images/images/Henri_de_Toulouse-Lautrec/Henri_de_Toulouse-Lautrec_40.jpg
1,/archive/images/images/Henri_de_Toulouse-Lautrec/Henri_de_Toulouse-Lautrec_68.jpg
1,/archive/images/images/Henri_de_Toulouse-Lautrec/Henri_de_Toulouse-Lautrec_69.jpg
1,/archive/images/images/Hieronymus_Bosch/Hieronymus_Bosch_103.jpg
1,/archive/images/images/Hieronymus_Bosch/Hieronymus_Bosch_107.jpg
1,/archive/images/images/Hieronymus_Bosch/Hieronymus_Bosch_3.jpg
1,/archive/images/images/Hieronymus_Bosch/Hieronymus_Bosch_32.jpg
1,/archive/images/images/Jackson_Pollock/Jackson_Pollock_1.jpg
1,/archive/images/images/Jackson_Pollock/Jackson_Pollock_10.jpg
1,/archive/images/images/Jackson_Pollock/Jackson_Pollock_11.jpg
1,/archive/images/images/Jackson_Pollock/Jackson_Pollock_12.jpg
1,/archive/images/images/Jackson_Pollock/Jackson_Pollock_13.jpg
1,/archive/images/images/Jackson_Pollock/Jackson_Pollock_16.jpg
1,/archive/images/images/Jackson_Pollock/Jackson_Pollock_19.jpg
1,/archive/images/images/Jackson_Pollock/Jackson_Pollock_2.jpg
1,/archive/images/images/Jackson_Pollock/Jackson_Pollock_21.jpg
1,/archive/images/images/Jackson_Pollock/Jackson_Pollock_22.jpg
1,/archive/images/images/Jackson_Pollock/Jackson_Pollock_3.jpg
1,/archive/images/images/Jackson_Pollock/Jackson_Pollock_4.jpg
1,/archive/images/images/Jackson_Pollock/Jackson_Pollock_5.jpg
1,/archive/images/images/Jackson_Pollock/Jackson_Pollock_6.jpg
1,/archive/images/images/Jackson_Pollock/Jackson_Pollock_8.jpg
1,/archive/images/images/Jan_van_Eyck/Jan_van_Eyck_33.jpg
1,/archive/images/images/Jan_van_Eyck/Jan_van_Eyck_4.jpg
1,/archive/images/images/Jan_van_Eyck/Jan_van_Eyck_42.jpg
1,/archive/images/images/Jan_van_Eyck/Jan_van_Eyck_48.jpg
1,/archive/images/images/Jan_van_Eyck/Jan_van_Eyck_5.jpg
1,/archive/images/images/Jan_van_Eyck/Jan_van_Eyck_50.jpg
1,/archive/images/images/Joan_Miro/Joan_Miro_42.jpg
1,/archive/images/images/Joan_Miro/Joan_Miro_5.jpg
1,/archive/images/images/Kazimir_Malevich/Kazimir_Malevich_117.jpg
1,/archive/images/images/Kazimir_Malevich/Kazimir_Malevich_30.jpg
1,/archive/images/images/Kazimir_Malevich/Kazimir_Malevich_33.jpg
1,/archive/images/images/Kazimir_Malevich/Kazimir_Malevich_35.jpg
1,/archive/images/images/Kazimir_Malevich/Kazimir_Malevich_36.jpg
1,/archive/images/images/Kazimir_Malevich/Kazimir_Malevich_38.jpg
1,/archive/images/images/Kazimir_Malevich/Kazimir_Malevich_4.jpg
1,/archive/images/images/Kazimir_Malevich/Kazimir_Malevich_52.jpg
1,/archive/images/images/Kazimir_Malevich/Kazimir_Malevich_58.jpg
1,/archive/images/images/Kazimir_Malevich/Kazimir_Malevich_71.jpg
1,/archive/images/images/Kazimir_Malevich/Kazimir_Malevich_90.jpg
1,/archive/images/images/Kazimir_Malevich/Kazimir_Malevich_93.jpg
1,/archive/images/images/Leonardo_da_Vinci/Leonardo_da_Vinci_100.jpg
1,/archive/images/images/Leonardo_da_Vinci/Leonardo_da_Vinci_101.jpg
1,/archive/images/images/Leonardo_da_Vinci/Leonardo_da_Vinci_102.jpg
1,/archive/images/images/Leonardo_da_Vinci/Leonardo_da_Vinci_104.jpg
1,/archive/images/images/Leonardo_da_Vinci/Leonardo_da_Vinci_105.jpg
1,/archive/images/images/Leonardo_da_Vinci/Leonardo_da_Vinci_106.jpg
1,/archive/images/images/Leonardo_da_Vinci/Leonardo_da_Vinci_133.jpg
1,/archive/images/images/Leonardo_da_Vinci/Leonardo_da_Vinci_15.jpg
1,/archive/images/images/Leonardo_da_Vinci/Leonardo_da_Vinci_23.jpg
1,/archive/images/images/Leonardo_da_Vinci/Leonardo_da_Vinci_38.jpg
1,/archive/images/images/Leonardo_da_Vinci/Leonardo_da_Vinci_46.jpg
1,/archive/images/images/Leonardo_da_Vinci/Leonardo_da_Vinci_54.jpg
1,/archive/images/images/Leonardo_da_Vinci/Leonardo_da_Vinci_56.jpg
1,/archive/images/images/Leonardo_da_Vinci/Leonardo_da_Vinci_57.jpg
1,/archive/images/images/Leonardo_da_Vinci/Leonardo_da_Vinci_58.jpg
1,/archive/images/images/Leonardo_da_Vinci/Leonardo_da_Vinci_59.jpg
1,/archive/images/images/Leonardo_da_Vinci/Leonardo_da_Vinci_74.jpg
1,/archive/images/images/Leonardo_da_Vinci/Leonardo_da_Vinci_89.jpg
1,/archive/images/images/Marc_Chagall/Marc_Chagall_116.jpg
1,/archive/images/images/Marc_Chagall/Marc_Chagall_171.jpg
1,/archive/images/images/Marc_Chagall/Marc_Chagall_6.jpg
1,/archive/images/images/Mikhail_Vrubel/Mikhail_Vrubel_100.jpg
1,/archive/images/images/Mikhail_Vrubel/Mikhail_Vrubel_101.jpg
1,/archive/images/images/Mikhail_Vrubel/Mikhail_Vrubel_104.jpg
1,/archive/images/images/Mikhail_Vrubel/Mikhail_Vrubel_111.jpg
1,/archive/images/images/Mikhail_Vrubel/Mikhail_Vrubel_112.jpg
1,/archive/images/images/Mikhail_Vrubel/Mikhail_Vrubel_124.jpg
1,/archive/images/images/Mikhail_Vrubel/Mikhail_Vrubel_13.jpg
1,/archive/images/images/Mikhail_Vrubel/Mikhail_Vrubel_133.jpg
1,/archive/images/images/Mikhail_Vrubel/Mikhail_Vrubel_135.jpg
1,/archive/images/images/Mikhail_Vrubel/Mikhail_Vrubel_139.jpg
1,/archive/images/images/Mikhail_Vrubel/Mikhail_Vrubel_140.jpg
1,/archive/images/images/Mikhail_Vrubel/Mikhail_Vrubel_141.jpg
1,/archive/images/images/Mikhail_Vrubel/Mikhail_Vrubel_142.jpg
1,/archive/images/images/Mikhail_Vrubel/Mikhail_Vrubel_144.jpg
1,/archive/images/images/Mikhail_Vrubel/Mikhail_Vrubel_151.jpg
1,/archive/images/images/Mikhail_Vrubel/Mikhail_Vrubel_155.jpg
1,/archive/images/images/Mikhail_Vrubel/Mikhail_Vrubel_157.jpg
1,/archive/images/images/Mikhail_Vrubel/Mikhail_Vrubel_18.jpg
1,/archive/images/images/Mikhail_Vrubel/Mikhail_Vrubel_19.jpg
1,/archive/images/images/Mikhail_Vrubel/Mikhail_Vrubel_2.jpg
1,/archive/images/images/Mikhail_Vrubel/Mikhail_Vrubel_20.jpg
1,/archive/images/images/Mikhail_Vrubel/Mikhail_Vrubel_23.jpg
1,/archive/images/images/Mikhail_Vrubel/Mikhail_Vrubel_27.jpg
1,/archive/images/images/Mikhail_Vrubel/Mikhail_Vrubel_31.jpg
1,/archive/images/images/Mikhail_Vrubel/Mikhail_Vrubel_54.jpg
1,/archive/images/images/Mikhail_Vrubel/Mikhail_Vrubel_55.jpg
1,/archive/images/images/Mikhail_Vrubel/Mikhail_Vrubel_61.jpg
1,/archive/images/images/Mikhail_Vrubel/Mikhail_Vrubel_62.jpg
1,/archive/images/images/Mikhail_Vrubel/Mikhail_Vrubel_73.jpg
1,/archive/images/images/Mikhail_Vrubel/Mikhail_Vrubel_79.jpg
1,/archive/images/images/Mikhail_Vrubel/Mikhail_Vrubel_80.jpg
1,/archive/images/images/Mikhail_Vrubel/Mikhail_Vrubel_85.jpg
1,/archive/images/images/Mikhail_Vrubel/Mikhail_Vrubel_86.jpg
1,/archive/images/images/Mikhail_Vrubel/Mikhail_Vrubel_89.jpg
1,/archive/images/images/Mikhail_Vrubel/Mikhail_Vrubel_97.jpg
1,/archive/images/images/Pablo_Picasso/Pablo_Picasso_7.jpg
1,/archive/images/images/Pablo_Picasso/Pablo_Picasso_72.jpg
1,/archive/images/images/Paul_Cezanne/Paul_Cezanne_14.jpg
1,/archive/images/images/Paul_Cezanne/Paul_Cezanne_18.jpg
1,/archive/images/images/Paul_Cezanne/Paul_Cezanne_19.jpg
1,/archive/images/images/Paul_Cezanne/Paul_Cezanne_28.jpg
1,/archive/images/images/Paul_Cezanne/Paul_Cezanne_7.jpg
1,/archive/images/images/Paul_Gauguin/Paul_Gauguin_1.jpg
1,/archive/images/images/Paul_Gauguin/Paul_Gauguin_10.jpg
1,/archive/images/images/Paul_Gauguin/Paul_Gauguin_111.jpg
1,/archive/images/images/Paul_Gauguin/Paul_Gauguin_113.jpg
1,/archive/images/images/Paul_Gauguin/Paul_Gauguin_121.jpg
1,/archive/images/images/Paul_Gauguin/Paul_Gauguin_122.jpg
1,/archive/images/images/Paul_Gauguin/Paul_Gauguin_124.jpg
1,/archive/images/images/Paul_Gauguin/Paul_Gauguin_130.jpg
1,/archive/images/images/Paul_Gauguin/Paul_Gauguin_175.jpg
1,/archive/images/images/Paul_Gauguin/Paul_Gauguin_176.jpg
1,/archive/images/images/Paul_Gauguin/Paul_Gauguin_177.jpg
1,/archive/images/images/Paul_Gauguin/Paul_Gauguin_180.jpg
1,/archive/images/images/Paul_Gauguin/Paul_Gauguin_19.jpg
1,/archive/images/images/Paul_Gauguin/Paul_Gauguin_201.jpg
1,/archive/images/images/Paul_Gauguin/Paul_Gauguin_202.jpg
1,/archive/images/images/Paul_Gauguin/Paul_Gauguin_203.jpg
1,/archive/images/images/Paul_Gauguin/Paul_Gauguin_208.jpg
1,/archive/images/images/Paul_Gauguin/Paul_Gauguin_219.jpg
1,/archive/images/images/Paul_Gauguin/Paul_Gauguin_22.jpg
1,/archive/images/images/Paul_Gauguin/Paul_Gauguin_224.jpg
1,/archive/images/images/Paul_Gauguin/Paul_Gauguin_229.jpg
1,/archive/images/images/Paul_Gauguin/Paul_Gauguin_238.jpg
1,/archive/images/images/Paul_Gauguin/Paul_Gauguin_239.jpg
1,/archive/images/images/Paul_Gauguin/Paul_Gauguin_252.jpg
1,/archive/images/images/Paul_Gauguin/Paul_Gauguin_253.jpg
1,/archive/images/images/Paul_Gauguin/Paul_Gauguin_258.jpg
1,/archive/images/images/Paul_Gauguin/Paul_Gauguin_259.jpg
1,/archive/images/images/Paul_Gauguin/Paul_Gauguin_264.jpg
1,/archive/images/images/Paul_Gauguin/Paul_Gauguin_268.jpg
1,/archive/images/images/Paul_Gauguin/Paul_Gauguin_27.jpg
1,/archive/images/images/Paul_Gauguin/Paul_Gauguin_271.jpg
1,/archive/images/images/Paul_Gauguin/Paul_Gauguin_279.jpg
1,/archive/images/images/Paul_Gauguin/Paul_Gauguin_28.jpg
1,/archive/images/images/Paul_Gauguin/Paul_Gauguin_280.jpg
1,/archive/images/images/Paul_Gauguin/Paul_Gauguin_283.jpg
1,/archive/images/images/Paul_Gauguin/Paul_Gauguin_285.jpg
1,/archive/images/images/Paul_Gauguin/Paul_Gauguin_291.jpg
1,/archive/images/images/Paul_Gauguin/Paul_Gauguin_292.jpg
1,/archive/images/images/Paul_Gauguin/Paul_Gauguin_295.jpg
1,/archive/images/images/Paul_Gauguin/Paul_Gauguin_296.jpg
1,/archive/images/images/Paul_Gauguin/Paul_Gauguin_3.jpg
1,/archive/images/images/Paul_Gauguin/Paul_Gauguin_32.jpg
1,/archive/images/images/Paul_Gauguin/Paul_Gauguin_34.jpg
1,/archive/images/images/Paul_Gauguin/Paul_Gauguin_51.jpg
1,/archive/images/images/Paul_Gauguin/Paul_Gauguin_93.jpg
1,/archive/images/images/Paul_Gauguin/Paul_Gauguin_94.jpg
1,/archive/images/images/Paul_Gauguin/Paul_Gauguin_99.jpg
1,/archive/images/images/Paul_Klee/Paul_Klee_187.jpg
1,/archive/images/images/Paul_Klee/Paul_Klee_59.jpg
1,/archive/images/images/Paul_Klee/Paul_Klee_67.jpg
1,/archive/images/images/Pierre-Auguste_Renoir/Pierre-Auguste_Renoir_124.jpg
1,/archive/images/images/Pierre-Auguste_Renoir/Pierre-Auguste_Renoir_129.jpg
1,/archive/images/images/Pierre-Auguste_Renoir/Pierre-Auguste_Renoir_14.jpg
1,/archive/images/images/Pierre-Auguste_Renoir/Pierre-Auguste_Renoir_140.jpg
1,/archive/images/images/Pierre-Auguste_Renoir/Pierre-Auguste_Renoir_142.jpg
1,/archive/images/images/Pierre-Auguste_Renoir/Pierre-Auguste_Renoir_15.jpg
1,/archive/images/images/Pierre-Auguste_Renoir/Pierre-Auguste_Renoir_163.jpg
1,/archive/images/images/Pierre-Auguste_Renoir/Pierre-Auguste_Renoir_166.jpg
1,/archive/images/images/Pierre-Auguste_Renoir/Pierre-Auguste_Renoir_18.jpg
1,/archive/images/images/Pierre-Auguste_Renoir/Pierre-Auguste_Renoir_180.jpg
1,/archive/images/images/Pierre-Auguste_Renoir/Pierre-Auguste_Renoir_192.jpg
1,/archive/images/images/Pierre-Auguste_Renoir/Pierre-Auguste_Renoir_193.jpg
1,/archive/images/images/Pierre-Auguste_Renoir/Pierre-Auguste_Renoir_194.jpg
1,/archive/images/images/Pierre-Auguste_Renoir/Pierre-Auguste_Renoir_195.jpg
1,/archive/images/images/Pierre-Auguste_Renoir/Pierre-Auguste_Renoir_199.jpg
1,/archive/images/images/Pierre-Auguste_Renoir/Pierre-Auguste_Renoir_201.jpg
1,/archive/images/images/Pierre-Auguste_Renoir/Pierre-Auguste_Renoir_202.jpg
1,/archive/images/images/Pierre-Auguste_Renoir/Pierre-Auguste_Renoir_213.jpg
1,/archive/images/images/Pierre-Auguste_Renoir/Pierre-Auguste_Renoir_244.jpg
1,/archive/images/images/Pierre-Auguste_Renoir/Pierre-Auguste_Renoir_26.jpg
1,/archive/images/images/Pierre-Auguste_Renoir/Pierre-Auguste_Renoir_282.jpg
1,/archive/images/images/Pierre-Auguste_Renoir/Pierre-Auguste_Renoir_312.jpg
1,/archive/images/images/Pierre-Auguste_Renoir/Pierre-Auguste_Renoir_315.jpg
1,/archive/images/images/Pierre-Auguste_Renoir/Pierre-Auguste_Renoir_319.jpg
1,/archive/images/images/Pierre-Auguste_Renoir/Pierre-Auguste_Renoir_321.jpg
1,/archive/images/images/Pierre-Auguste_Renoir/Pierre-Auguste_Renoir_323.jpg
1,/archive/images/images/Pierre-Auguste_Renoir/Pierre-Auguste_Renoir_38.jpg
1,/archive/images/images/Pierre-Auguste_Renoir/Pierre-Auguste_Renoir_65.jpg
1,/archive/images/images/Pierre-Auguste_Renoir/Pierre-Auguste_Renoir_70.jpg
1,/archive/images/images/Pierre-Auguste_Renoir/Pierre-Auguste_Renoir_83.jpg
1,/archive/images/images/Pierre-Auguste_Renoir/Pierre-Auguste_Renoir_84.jpg
1,/archive/images/images/Piet_Mondrian/Piet_Mondrian_17.jpg
1,/archive/images/images/Piet_Mondrian/Piet_Mondrian_19.jpg
1,/archive/images/images/Piet_Mondrian/Piet_Mondrian_45.jpg
1,/archive/images/images/Piet_Mondrian/Piet_Mondrian_65.jpg
1,/archive/images/images/Piet_Mondrian/Piet_Mondrian_67.jpg
1,/archive/images/images/Piet_Mondrian/Piet_Mondrian_71.jpg
1,/archive/images/images/Pieter_Bruegel/Pieter_Bruegel_124.jpg
1,/archive/images/images/Pieter_Bruegel/Pieter_Bruegel_133.jpg
1,/archive/images/images/Pieter_Bruegel/Pieter_Bruegel_134.jpg
1,/archive/images/images/Pieter_Bruegel/Pieter_Bruegel_15.jpg
1,/archive/images/images/Pieter_Bruegel/Pieter_Bruegel_19.jpg
1,/archive/images/images/Pieter_Bruegel/Pieter_Bruegel_26.jpg
1,/archive/images/images/Pieter_Bruegel/Pieter_Bruegel_29.jpg
1,/archive/images/images/Pieter_Bruegel/Pieter_Bruegel_3.jpg
1,/archive/images/images/Pieter_Bruegel/Pieter_Bruegel_31.jpg
1,/archive/images/images/Pieter_Bruegel/Pieter_Bruegel_32.jpg
1,/archive/images/images/Pieter_Bruegel/Pieter_Bruegel_33.jpg
1,/archive/images/images/Pieter_Bruegel/Pieter_Bruegel_36.jpg
1,/archive/images/images/Pieter_Bruegel/Pieter_Bruegel_39.jpg
1,/archive/images/images/Pieter_Bruegel/Pieter_Bruegel_40.jpg
1,/archive/images/images/Pieter_Bruegel/Pieter_Bruegel_56.jpg
1,/archive/images/images/Pieter_Bruegel/Pieter_Bruegel_57.jpg
1,/archive/images/images/Pieter_Bruegel/Pieter_Bruegel_58.jpg
1,/archive/images/images/Pieter_Bruegel/Pieter_Bruegel_72.jpg
1,/archive/images/images/Pieter_Bruegel/Pieter_Bruegel_76.jpg
1,/archive/images/images/Pieter_Bruegel/Pieter_Bruegel_80.jpg
1,/archive/images/images/Pieter_Bruegel/Pieter_Bruegel_82.jpg
1,/archive/images/images/Pieter_Bruegel/Pieter_Bruegel_84.jpg
1,/archive/images/images/Pieter_Bruegel/Pieter_Bruegel_86.jpg
1,/archive/images/images/Rembrandt/Rembrandt_224.jpg
1,/archive/images/images/Rene_Magritte/Rene_Magritte_103.jpg
1,/archive/images/images/Rene_Magritte/Rene_Magritte_154.jpg
1,/archive/images/images/Rene_Magritte/Rene_Magritte_163.jpg
1,/archive/images/images/Rene_Magritte/Rene_Magritte_166.jpg
1,/archive/images/images/Salvador_Dali/Salvador_Dali_70.jpg
1,/archive/images/images/Vasiliy_Kandinskiy/Vasiliy_Kandinskiy_44.jpg
1,/archive/images/images/Vasiliy_Kandinskiy/Vasiliy_Kandinskiy_45.jpg
1,/archive/images/images/Vasiliy_Kandinskiy/Vasiliy_Kandinskiy_47.jpg
1,/archive/images/images/Vasiliy_Kandinskiy/Vasiliy_Kandinskiy_50.jpg
1,/archive/images/images/Vasiliy_Kandinskiy/Vasiliy_Kandinskiy_56.jpg
1,/archive/images/images/Vasiliy_Kandinskiy/Vasiliy_Kandinskiy_80.jpg
1,/archive/images/images/Vincent_van_Gogh/Vincent_van_Gogh_101.jpg
1,/archive/images/images/Vincent_van_Gogh/Vincent_van_Gogh_115.jpg
1,/archive/images/images/Vincent_van_Gogh/Vincent_van_Gogh_119.jpg
1,/archive/images/images/Vincent_van_Gogh/Vincent_van_Gogh_123.jpg
1,/archive/images/images/Vincent_van_Gogh/Vincent_van_Gogh_124.jpg
1,/archive/images/images/Vincent_van_Gogh/Vincent_van_Gogh_131.jpg
1,/archive/images/images/Vincent_van_Gogh/Vincent_van_Gogh_132.jpg
1,/archive/images/images/Vincent_van_Gogh/Vincent_van_Gogh_142.jpg
1,/archive/images/images/Vincent_van_Gogh/Vincent_van_Gogh_153.jpg
1,/archive/images/images/Vincent_van_Gogh/Vincent_van_Gogh_165.jpg
1,/archive/images/images/Vincent_van_Gogh/Vincent_van_Gogh_169.jpg
1,/archive/images/images/Vincent_van_Gogh/Vincent_van_Gogh_172.jpg
1,/archive/images/images/Vincent_van_Gogh/Vincent_van_Gogh_178.jpg
1,/archive/images/images/Vincent_van_Gogh/Vincent_van_Gogh_18.jpg
1,/archive/images/images/Vincent_van_Gogh/Vincent_van_Gogh_181.jpg
1,/archive/images/images/Vincent_van_Gogh/Vincent_van_Gogh_186.jpg
1,/archive/images/images/Vincent_van_Gogh/Vincent_van_Gogh_187.jpg
1,/archive/images/images/Vincent_van_Gogh/Vincent_van_Gogh_192.jpg
1,/archive/images/images/Vincent_van_Gogh/Vincent_van_Gogh_202.jpg
1,/archive/images/images/Vincent_van_Gogh/Vincent_van_Gogh_214.jpg
1,/archive/images/images/Vincent_van_Gogh/Vincent_van_Gogh_263.jpg
1,/archive/images/images/Vincent_van_Gogh/Vincent_van_Gogh_275.jpg
1,/archive/images/images/Vincent_van_Gogh/Vincent_van_Gogh_35.jpg
1,/archive/images/images/Vincent_van_Gogh/Vincent_van_Gogh_354.jpg
1,/archive/images/images/Vincent_van_Gogh/Vincent_van_Gogh_368.jpg
1,/archive/images/images/Vincent_van_Gogh/Vincent_van_Gogh_369.jpg
1,/archive/images/images/Vincent_van_Gogh/Vincent_van_Gogh_370.jpg
1,/archive/images/images/Vincent_van_Gogh/Vincent_van_Gogh_371.jpg
1,/archive/images/images/Vincent_van_Gogh/Vincent_van_Gogh_387.jpg
1,/archive/images/images/Vincent_van_Gogh/Vincent_van_Gogh_39.jpg
1,/archive/images/images/Vincent_van_Gogh/Vincent_van_Gogh_391.jpg
1,/archive/images/images/Vincent_van_Gogh/Vincent_van_Gogh_397.jpg
1,/archive/images/images/Vincent_van_Gogh/Vincent_van_Gogh_399.jpg
1,/archive/images/images/Vincent_van_Gogh/Vincent_van_Gogh_40.jpg
1,/archive/images/images/Vincent_van_Gogh/Vincent_van_Gogh_409.jpg
1,/archive/images/images/Vincent_van_Gogh/Vincent_van_Gogh_41.jpg
1,/archive/images/images/Vincent_van_Gogh/Vincent_van_Gogh_414.jpg
1,/archive/images/images/Vincent_van_Gogh/Vincent_van_Gogh_415.jpg
1,/archive/images/images/Vincent_van_Gogh/Vincent_van_Gogh_416.jpg
1,/archive/images/images/Vincent_van_Gogh/Vincent_van_Gogh_417.jpg
1,/archive/images/images/Vincent_van_Gogh/Vincent_van_Gogh_42.jpg
1,/archive/images/images/Vincent_van_Gogh/Vincent_van_Gogh_422.jpg
1,/archive/images/images/Vincent_van_Gogh/Vincent_van_Gogh_429.jpg
1,/archive/images/images/Vincent_van_Gogh/Vincent_van_Gogh_431.jpg
1,/archive/images/images/Vincent_van_Gogh/Vincent_van_Gogh_435.jpg
1,/archive/images/images/Vincent_van_Gogh/Vincent_van_Gogh_436.jpg
1,/archive/images/images/Vincent_van_Gogh/Vincent_van_Gogh_440.jpg
1,/archive/images/images/Vincent_van_Gogh/Vincent_van_Gogh_448.jpg
1,/archive/images/images/Vincent_van_Gogh/Vincent_van_Gogh_449.jpg
1,/archive/images/images/Vincent_van_Gogh/Vincent_van_Gogh_454.jpg
1,/archive/images/images/Vincent_van_Gogh/Vincent_van_Gogh_460.jpg
1,/archive/images/images/Vincent_van_Gogh/Vincent_van_Gogh_461.jpg
1,/archive/images/images/Vincent_van_Gogh/Vincent_van_Gogh_468.jpg
1,/archive/images/images/Vincent_van_Gogh/Vincent_van_Gogh_474.jpg
1,/archive/images/images/Vincent_van_Gogh/Vincent_van_Gogh_48.jpg
1,/archive/images/images/Vincent_van_Gogh/Vincent_van_Gogh_480.jpg
1,/archive/images/images/Vincent_van_Gogh/Vincent_van_Gogh_487.jpg
1,/archive/images/images/Vincent_van_Gogh/Vincent_van_Gogh_493.jpg
1,/archive/images/images/Vincent_van_Gogh/Vincent_van_Gogh_558.jpg
1,/archive/images/images/Vincent_van_Gogh/Vincent_van_Gogh_560.jpg
1,/archive/images/images/Vincent_van_Gogh/Vincent_van_Gogh_561.jpg
1,/archive/images/images/Vincent_van_Gogh/Vincent_van_Gogh_568.jpg
1,/archive/images/images/Vincent_van_Gogh/Vincent_van_Gogh_569.jpg
1,/archive/images/images/Vincent_van_Gogh/Vincent_van_Gogh_57.jpg
1,/archive/images/images/Vincent_van_Gogh/Vincent_van_Gogh_570.jpg
1,/archive/images/images/Vincent_van_Gogh/Vincent_van_Gogh_575.jpg
1,/archive/images/images/Vincent_van_Gogh/Vincent_van_Gogh_589.jpg
1,/archive/images/images/Vincent_van_Gogh/Vincent_van_Gogh_59.jpg
1,/archive/images/images/Vincent_van_Gogh/Vincent_van_Gogh_590.jpg
1,/archive/images/images/Vincent_van_Gogh/Vincent_van_Gogh_593.jpg
1,/archive/images/images/Vincent_van_Gogh/Vincent_van_Gogh_619.jpg
1,/archive/images/images/Vincent_van_Gogh/Vincent_van_Gogh_62.jpg
1,/archive/images/images/Vincent_van_Gogh/Vincent_van_Gogh_620.jpg
1,/archive/images/images/Vincent_van_Gogh/Vincent_van_Gogh_63.jpg
1,/archive/images/images/Vincent_van_Gogh/Vincent_van_Gogh_650.jpg
1,/archive/images/images/Vincent_van_Gogh/Vincent_van_Gogh_651.jpg
1,/archive/images/images/Vincent_van_Gogh/Vincent_van_Gogh_671.jpg
1,/archive/images/images/Vincent_van_Gogh/Vincent_van_Gogh_688.jpg
1,/archive/images/images/Vincent_van_Gogh/Vincent_van_Gogh_708.jpg
1,/archive/images/images/Vincent_van_Gogh/Vincent_van_Gogh_710.jpg
1,/archive/images/images/Vincent_van_Gogh/Vincent_van_Gogh_711.jpg
1,/archive/images/images/Vincent_van_Gogh/Vincent_van_Gogh_712.jpg
1,/archive/images/images/Vincent_van_Gogh/Vincent_van_Gogh_716.jpg
1,/archive/images/images/Vincent_van_Gogh/Vincent_van_Gogh_719.jpg
1,/archive/images/images/Vincent_van_Gogh/Vincent_van_Gogh_733.jpg
1,/archive/images/images/Vincent_van_Gogh/Vincent_van_Gogh_755.jpg
1,/archive/images/images/Vincent_van_Gogh/Vincent_van_Gogh_778.jpg
1,/archive/images/images/Vincent_van_Gogh/Vincent_van_Gogh_805.jpg
1,/archive/images/images/Vincent_van_Gogh/Vincent_van_Gogh_806.jpg
1,/archive/images/images/Vincent_van_Gogh/Vincent_van_Gogh_81.jpg
1,/archive/images/images/Vincent_van_Gogh/Vincent_van_Gogh_810.jpg
1,/archive/images/images/Vincent_van_Gogh/Vincent_van_Gogh_811.jpg
1,/archive/images/images/Vincent_van_Gogh/Vincent_van_Gogh_812.jpg
1,/archive/images/images/Vincent_van_Gogh/Vincent_van_Gogh_813.jpg
1,/archive/images/images/Vincent_van_Gogh/Vincent_van_Gogh_814.jpg
1,/archive/images/images/Vincent_van_Gogh/Vincent_van_Gogh_825.jpg
1,/archive/images/images/Vincent_van_Gogh/Vincent_van_Gogh_833.jpg
1,/archive/images/images/Vincent_van_Gogh/Vincent_van_Gogh_872.jpg
1,/archive/images/images/William_Turner/William_Turner_11.jpg
1,/archive/images/images/William_Turner/William_Turner_2.jpg
1,/archive/images/images/William_Turner/William_Turner_21.jpg
1,/archive/images/images/William_Turner/William_Turner_36.jpg
1,/archive/images/images/William_Turner/William_Turner_37.jpg
1,/archive/images/images/William_Turner/William_Turner_38.jpg
1,/archive/images/images/William_Turner/William_Turner_44.jpg
1,/archive/images/images/William_Turner/William_Turner_45.jpg
1,/archive/images/images/William_Turner/William_Turner_46.jpg
1,/archive/images/images/William_Turner/William_Turner_48.jpg
1,/archive/images/images/William_Turner/William_Turner_50.jpg
1,/archive/images/images/William_Turner/William_Turner_51.jpg
1,/archive/images/images/William_Turner/William_Turner_52.jpg
1,/archive/images/images/William_Turner/William_Turner_53.jpg
1,/archive/images/images/William_Turner/William_Turner_55.jpg
1,/archive/images/images/William_Turner/William_Turner_57.jpg
1,/archive/images/images/William_Turner/William_Turner_59.jpg
1,/archive/images/images/William_Turner/William_Turner_6.jpg
1,/archive/images/images/William_Turner/William_Turner_60.jpg
1,/archive/images/images/William_Turner/William_Turner_61.jpg
1,/archive/images/images/William_Turner/William_Turner_62.jpg
1,/archive/images/images/William_Turner/William_Turner_63.jpg
1,/archive/images/images/William_Turner/William_Turner_64.jpg
1,/archive/images/images/William_Turner/William_Turner_65.jpg
1,/archive/images/images/William_Turner/William_Turner_66.jpg
1,/archive/images/images/William_Turner/William_Turner_7.jpg
1,/archive/images/images/William_Turner/William_Turner_8.jpg
1,/archive/images/images/William_Turner/William_Turner_9.jpg
